{
  "total-play-time-ms": 318335874,
  "username": "Quiet Prof",
  "password": "penis",
  "email": "null",
  "staff-rights": "DEVELOPER",
  "game-mode": "NORMAL",
  "loyalty-title": "NONE",
  "yellhexcolor": "ffffff",
  "position": {
    "x": 2078,
    "y": 4454,
    "z": 0
  },
  "online-status": "ON",
  "given-starter": false,
  "has-pin2": false,
  "donated": 0,
  "current-boss-task": 0,
  "current-boss-amount": 0,
  "global-rate": 0,
  "peng-rate": 0,
  "slayer-rate": 0,
  "has-completed-boss-task": false,
  "current-daily-task-amount": 0,
  "current-daily-task-x-pos": 0,
  "current-daily-task-y-pos": 0,
  "current-daily-task-z-pos": 0,
  "current-daily-task-reward": 0,
  "uim-bank": {},
  "dg-floor": 1,
  "dg-prestige": 0,
  "clue-task": "NO_TASK",
  "clue-kc": 0,
  "daysVoted": 7,
  "totalTimesClaimed": 0,
  "longestDaysVoted": 0,
  "timeUntilNextReward": 0,
  "current-voting-streak": 0,
  "entriesCurrency": 0.0,
  "amount-donated-today": 0,
  "claimed-first": false,
  "claimed-second": false,
  "claimed-third": false,
  "last-donation": 0,
  "last-time-reset": 0,
  "lastlogin": 1648991420949,
  "lastdailyclaim": 1642435115324,
  "lastvotetime": 0,
  "hasvotedtoday": false,
  "day1claimed": true,
  "day2claimed": false,
  "day3claimed": false,
  "day4claimed": false,
  "day5claimed": false,
  "day6claimed": false,
  "day7claimed": false,
  "minutes-bonus-exp": -1,
  "minutes-voting-dr": -1,
  "minutes-voting-dmg": 0,
  "total-gained-exp": 70856981,
  "barrows-points": 0,
  "donator-points": 0,
  "Skilling-points": 0,
  "prestige-points": 0,
  "achievement-points": 0,
  "dung-tokens": 0,
  "commendations": 0,
  "loyalty-points": 0,
  "total-loyalty-points": 0.0,
  "godmodetime": 0,
  "voting-points": 1,
  "tasks-completion": [
    false,
    false,
    false,
    true,
    false,
    false
  ],
  "tasks-progress": [
    56,
    0,
    0,
    0,
    0,
    0,
    0,
    0,
    0,
    0,
    0,
    0,
    0,
    0,
    0,
    0,
    0,
    0,
    0,
    0,
    0,
    0,
    0,
    0,
    0,
    0,
    0,
    0,
    0,
    0,
    0,
    0,
    0,
    0,
    0,
    0,
    0,
    0,
    0,
    0,
    0,
    0,
    0,
    0,
    0,
    0,
    0,
    0,
    0,
    0,
    0,
    0,
    0,
    0,
    0
  ],
  "total-prestiges": 0,
  "slayer-spree": 0,
  "npc-killcount": 56,
  "spawn-killcount": 0,
  "lord-killcount": 0,
  "demon-killcount": 0,
  "dragon-killcount": 0,
  "beast-killcount": 0,
  "king-killcount": 0,
  "avatar-killcount": 0,
  "angel-killcount": 0,
  "lucien-killcount": 0,
  "hercules-killcount": 0,
  "satan-killcount": 0,
  "zeus-killcount": 0,
  "mini-lucifer-killcount": 0,
  "lucifer-killcount": 0,
  "season-member": false,
  "season-tier": 0,
  "season-xp": 0,
  "event-points": 0,
  "boss-points": 0,
  "shilling-rate": 0,
  "slayer-points": 0,
  "pk-points": 0,
  "player-kills": 0,
  "player-killstreak": 0,
  "player-deaths": 0,
  "target-percentage": 0,
  "bh-rank": -1,
  "gender": "MALE",
  "spell-book": "NORMAL",
  "prayer-book": "CURSES",
  "running": true,
  "run-energy": 100,
  "music": false,
  "sounds": false,
  "auto-retaliate": true,
  "xp-locked": false,
  "veng-cast": true,
  "last-veng": 5801846162,
  "fight-type": "UNARMED_KICK",
  "sol-effect": 0,
  "skull-timer": 0,
  "accept-aid": false,
  "poison-damage": 0,
  "poison-immunity": 0,
  "overload-timer": 0,
  "double-dr-timer": 0,
  "double-ddr-timer": 0,
  "double-dmg-timer": 0,
  "fire-immunity": 0,
  "fire-damage-mod": 0,
  "prayer-renewal-timer": 0,
  "teleblock-timer": 0,
  "special-amount": 15000,
  "entered-gwd-room": false,
  "gwd-altar-delay": 0,
  "gwd-killcount": [
    0,
    0,
    0,
    0
  ],
  "effigy": 0,
  "summon-npc": -1,
  "summon-death": -1,
  "process-farming": false,
  "clanchat": "null",
  "autocast": false,
  "autocast-spell": -1,
  "dfs-charges": 0,
  "coins-gambled": 0,
  "slayer-master": "BOSS_SLAYER",
  "slayer-task": "CRAZY_WITCH",
  "prev-slayer-task": "NO_TASK",
  "task-amount": 28,
  "task-streak": 0,
  "duo-partner": "null",
  "double-slay-xp": false,
  "recoil-deg": 0,
  "blowpipe-deg": 0,
  "brawlers-deg": [
    0,
    0,
    0,
    0,
    0,
    0,
    0,
    0,
    0,
    0,
    0
  ],
  "ancient-deg": [
    0,
    0,
    0,
    0,
    0,
    0,
    0,
    0,
    0,
    0,
    0,
    0,
    0,
    0,
    0
  ],
  "killed-players": [],
  "killed-gods": [
    false,
    false,
    false,
    false,
    false
  ],
  "vod-brother": [
    [
      9029,
      0
    ],
    [
      9028,
      0
    ],
    [
      9030,
      0
    ]
  ],
  "vod-killcount": 0,
  "hov-killcount": 0,
  "barrows-brother": [
    [
      2030,
      0
    ],
    [
      2029,
      0
    ],
    [
      2028,
      0
    ],
    [
      2027,
      0
    ],
    [
      2026,
      0
    ],
    [
      2025,
      0
    ]
  ],
  "random-coffin": 0,
  "barrows-killcount": 0,
  "nomad": [
    false,
    false
  ],
  "recipe-for-disaster": [
    false,
    false,
    false,
    false,
    false,
    false,
    false,
    false,
    false
  ],
  "recipe-for-disaster-wave": 0,
  "clue-progress": 0,
  "dung-items-bound": [
    0,
    0,
    0,
    0,
    0
  ],
  "collection-data": [
    {
      "npcId": 1729,
      "item": 995,
      "amount": 19238
    },
    {
      "npcId": 1729,
      "item": 15005,
      "amount": 1
    },
    {
      "npcId": 1705,
      "item": 995,
      "amount": 11282
    },
    {
      "npcId": 1705,
      "item": 364,
      "amount": 6
    },
    {
      "npcId": 1705,
      "item": 437,
      "amount": 29
    },
    {
      "npcId": 1703,
      "item": 995,
      "amount": 13604
    },
    {
      "npcId": 1703,
      "item": 2352,
      "amount": 8
    },
    {
      "npcId": 1703,
      "item": 2354,
      "amount": 4
    },
    {
      "npcId": 1706,
      "item": 995,
      "amount": 22885
    },
    {
      "npcId": 1706,
      "item": 448,
      "amount": 7
    },
    {
      "npcId": 1706,
      "item": 2358,
      "amount": 6
    },
    {
      "npcId": 2949,
      "item": 995,
      "amount": 36271
    },
    {
      "npcId": 2949,
      "item": 537,
      "amount": 1
    },
    {
      "npcId": 4972,
      "item": 995,
      "amount": 25181
    },
    {
      "npcId": 4972,
      "item": 536,
      "amount": 3
    },
    {
      "npcId": 8015,
      "item": 995,
      "amount": 39760
    },
    {
      "npcId": 8015,
      "item": 536,
      "amount": 1
    },
    {
      "npcId": 6430,
      "item": 995,
      "amount": 32414
    },
    {
      "npcId": 6430,
      "item": 536,
      "amount": 4
    },
    {
      "npcId": 1234,
      "item": 995,
      "amount": 40253
    },
    {
      "npcId": 1234,
      "item": 2026,
      "amount": 2
    },
    {
      "npcId": 1234,
      "item": 216,
      "amount": 22
    },
    {
      "npcId": 3305,
      "item": 995,
      "amount": 2016051
    },
    {
      "npcId": 3305,
      "item": 537,
      "amount": 26
    },
    {
      "npcId": 9001,
      "item": 995,
      "amount": 2644
    },
    {
      "npcId": 9001,
      "item": 537,
      "amount": 1
    }
  ],
  "holy-prayers-unlocked": [
    false,
    false,
    false,
    false,
    false,
    false
  ],
  "rune-ess": 0,
  "pure-ess": 0,
  "has-bank-pin": false,
  "last-pin-attempt": 0,
  "invalid-pin-attempts": 0,
  "bank-pin": [
    0,
    0,
    0,
    0
  ],
  "appearance": [
    0,
    0,
    18,
    26,
    33,
    36,
    42,
    10,
    0,
    0,
    0,
    0,
    0
  ],
  "agility-obj": [
    false,
    false,
    false,
    false,
    false,
    false,
    false
  ],
  "skills": {
    "level": [
      14932,
      14932,
      14932,
      150000,
      14932,
      150000,
      14932,
      1,
      1,
      1,
      1,
      1,
      1,
      1,
      1,
      1,
      1,
      1,
      1,
      1,
      1,
      33,
      1,
      15000,
      1
    ],
    "maxLevel": [
      1,
      1,
      62,
      600,
      1,
      50,
      1,
      1,
      1,
      1,
      1,
      1,
      1,
      1,
      1,
      1,
      1,
      1,
      1,
      1,
      1,
      33,
      1,
      1,
      1
    ],
    "experience": [
      0,
      0,
      354059,
      276529,
      0,
      400,
      0,
      0,
      0,
      0,
      0,
      0,
      0,
      0,
      0,
      0,
      0,
      0,
      0,
      0,
      0,
      20000,
      0,
      0,
      0
    ]
  },
  "inventory": [
    {
      "id": 23057,
      "amount": 1,
      "slot": 0
    },
    {
      "id": 23057,
      "amount": 1,
      "slot": 0
    },
    {
      "id": -1,
      "amount": 0,
      "slot": 0
    },
    {
      "id": -1,
      "amount": 0,
      "slot": 0
    },
    {
      "id": -1,
      "amount": 0,
      "slot": 0
    },
    {
      "id": -1,
      "amount": 0,
      "slot": 0
    },
    {
      "id": -1,
      "amount": 0,
      "slot": 0
    },
    {
      "id": -1,
      "amount": 0,
      "slot": 0
    },
    {
      "id": -1,
      "amount": 0,
      "slot": 0
    },
    {
      "id": -1,
      "amount": 0,
      "slot": 0
    },
    {
      "id": -1,
      "amount": 0,
      "slot": 0
    },
    {
      "id": -1,
      "amount": 0,
      "slot": 0
    },
    {
      "id": -1,
      "amount": 0,
      "slot": 0
    },
    {
      "id": -1,
      "amount": 0,
      "slot": 0
    },
    {
      "id": -1,
      "amount": 0,
      "slot": 0
    },
    {
      "id": -1,
      "amount": 0,
      "slot": 0
    },
    {
      "id": -1,
      "amount": 0,
      "slot": 0
    },
    {
      "id": -1,
      "amount": 0,
      "slot": 0
    },
    {
      "id": -1,
      "amount": 0,
      "slot": 0
    },
    {
      "id": -1,
      "amount": 0,
      "slot": 0
    },
    {
      "id": -1,
      "amount": 0,
      "slot": 0
    },
    {
      "id": -1,
      "amount": 0,
      "slot": 0
    },
    {
      "id": -1,
      "amount": 0,
      "slot": 0
    },
    {
      "id": -1,
      "amount": 0,
      "slot": 0
    },
    {
      "id": -1,
      "amount": 0,
      "slot": 0
    },
    {
      "id": -1,
      "amount": 0,
      "slot": 0
    },
    {
      "id": -1,
      "amount": 0,
      "slot": 0
    },
    {
      "id": -1,
      "amount": 0,
      "slot": 0
    }
  ],
  "equipment": [
    {
      "id": 17646,
      "amount": 1,
      "slot": 0
    },
    {
      "id": 17662,
      "amount": 1,
      "slot": 0
    },
    {
      "id": -1,
      "amount": 0,
      "slot": 0
    },
    {
      "id": -1,
      "amount": 0,
      "slot": 0
    },
    {
      "id": 17648,
      "amount": 1,
      "slot": 0
    },
    {
      "id": -1,
      "amount": 0,
      "slot": 0
    },
    {
      "id": -1,
      "amount": 0,
      "slot": 0
    },
    {
      "id": 17650,
      "amount": 1,
      "slot": 0
    },
    {
      "id": -1,
      "amount": 0,
      "slot": 0
    },
    {
      "id": 22104,
      "amount": 1,
      "slot": 0
    },
    {
      "id": 22103,
      "amount": 1,
      "slot": 0
    },
    {
      "id": -1,
      "amount": 0,
      "slot": 0
    },
    {
      "id": -1,
      "amount": 0,
      "slot": 0
    },
    {
      "id": -1,
      "amount": 0,
      "slot": 0
    }
  ],
  "preset-equipment": [
    {
      "id": -1,
      "amount": 0,
      "slot": 0
    },
    {
      "id": -1,
      "amount": 0,
      "slot": 0
    },
    {
      "id": -1,
      "amount": 0,
      "slot": 0
    },
    {
      "id": -1,
      "amount": 0,
      "slot": 0
    },
    {
      "id": -1,
      "amount": 0,
      "slot": 0
    },
    {
      "id": -1,
      "amount": 0,
      "slot": 0
    },
    {
      "id": -1,
      "amount": 0,
      "slot": 0
    },
    {
      "id": -1,
      "amount": 0,
      "slot": 0
    },
    {
      "id": -1,
      "amount": 0,
      "slot": 0
    },
    {
      "id": -1,
      "amount": 0,
      "slot": 0
    },
    {
      "id": -1,
      "amount": 0,
      "slot": 0
    },
    {
      "id": -1,
      "amount": 0,
      "slot": 0
    },
    {
      "id": -1,
      "amount": 0,
      "slot": 0
    },
    {
      "id": -1,
      "amount": 0,
      "slot": 0
    }
  ],
  "offences": [],
  "bank-0": [
    {
      "id": 1275,
      "amount": 2,
      "slot": 0
    },
    {
      "id": 23033,
      "amount": 1,
      "slot": 0
    },
    {
      "id": 995,
      "amount": 4071319,
      "slot": 0
    },
    {
      "id": 10835,
      "amount": 64371340,
      "slot": 0
    },
    {
      "id": 23086,
      "amount": 84,
      "slot": 0
    },
    {
      "id": 773,
      "amount": 2,
      "slot": 0
    },
    {
      "id": 1038,
      "amount": 10,
      "slot": 0
    },
    {
      "id": 1050,
      "amount": 9,
      "slot": 0
    },
    {
      "id": 23049,
      "amount": 0,
      "slot": 0
    },
    {
      "id": 23176,
      "amount": 1,
      "slot": 0
    },
    {
      "id": 926,
      "amount": 1,
      "slot": 0
    },
    {
      "id": 17999,
      "amount": 1,
      "slot": 0
    },
    {
      "id": 5074,
      "amount": 1,
      "slot": 0
    },
    {
      "id": 5563,
      "amount": 1,
      "slot": 0
    },
    {
      "id": 536,
      "amount": 51,
      "slot": 0
    },
    {
      "id": 12535,
      "amount": 2,
      "slot": 0
    },
    {
      "id": 9939,
      "amount": 1,
      "slot": 0
    },
    {
      "id": 18001,
      "amount": 2,
      "slot": 0
    },
    {
      "id": 19670,
      "amount": 1,
      "slot": 0
    },
    {
      "id": 6198,
      "amount": 1,
      "slot": 0
    },
    {
      "id": 11319,
      "amount": 1,
      "slot": 0
    },
    {
      "id": 9084,
      "amount": 1,
      "slot": 0
    },
    {
      "id": 11000,
      "amount": 1,
      "slot": 0
    },
    {
      "id": 436,
      "amount": 29,
      "slot": 0
    },
    {
      "id": 12855,
      "amount": 100000000,
      "slot": 0
    },
    {
      "id": 23163,
      "amount": 1,
      "slot": 0
    },
    {
      "id": 15005,
      "amount": 0,
      "slot": 0
    },
    {
      "id": 4556,
      "amount": 1,
      "slot": 0
    },
    {
      "id": 22097,
      "amount": 1,
      "slot": 0
    },
    {
      "id": 22095,
      "amount": 1,
      "slot": 0
    },
    {
      "id": 22096,
      "amount": 1,
      "slot": 0
    },
    {
      "id": 22094,
      "amount": 1,
      "slot": 0
    },
    {
      "id": 20080,
      "amount": 1,
      "slot": 0
    },
    {
      "id": 18599,
      "amount": 1,
      "slot": 0
    },
    {
      "id": 18600,
      "amount": 1,
      "slot": 0
    },
    {
      "id": 18601,
      "amount": 1,
      "slot": 0
    },
    {
      "id": 18603,
      "amount": 1,
      "slot": 0
    },
    {
      "id": 18602,
      "amount": 1,
      "slot": 0
    },
    {
      "id": 19994,
      "amount": 1,
      "slot": 0
    },
    {
      "id": 17662,
      "amount": 0,
      "slot": 0
    },
    {
      "id": 463,
      "amount": 1,
      "slot": 0
    },
    {
      "id": 215,
      "amount": 22,
      "slot": 0
    },
    {
      "id": 23058,
      "amount": 1,
      "slot": 0
    },
    {
      "id": 23057,
      "amount": 1,
      "slot": 0
    },
    {
      "id": 23059,
      "amount": 1,
      "slot": 0
    },
    {
      "id": 6769,
      "amount": 1,
      "slot": 0
    },
    {
      "id": 23060,
      "amount": 1,
      "slot": 0
    },
    {
      "id": 23173,
      "amount": 1,
      "slot": 0
    },
    {
      "id": 21603,
      "amount": 1,
      "slot": 0
    },
    {
      "id": 23043,
      "amount": 1,
      "slot": 0
    },
    {
      "id": 23042,
      "amount": 1,
      "slot": 0
    },
    {
      "id": 23041,
      "amount": 1,
      "slot": 0
    },
    {
      "id": 2023,
      "amount": 8,
      "slot": 0
    },
    {
      "id": 2025,
      "amount": 1,
      "slot": 0
    },
    {
      "id": 2026,
      "amount": 1,
      "slot": 0
    },
    {
      "id": 12333,
      "amount": 40,
      "slot": 0
    },
    {
      "id": 989,
      "amount": 10,
      "slot": 0
    }
  ],
  "bank-1": [
    {
      "id": 4684,
      "amount": 1,
      "slot": 0
    },
    {
      "id": 4685,
      "amount": 1,
      "slot": 0
    },
    {
      "id": 4686,
      "amount": 1,
      "slot": 0
    },
    {
      "id": 8274,
      "amount": 1,
      "slot": 0
    },
    {
      "id": 8273,
      "amount": 1,
      "slot": 0
    },
    {
      "id": 17646,
      "amount": 0,
      "slot": 0
    },
    {
      "id": 17648,
      "amount": 0,
      "slot": 0
    },
    {
      "id": 17650,
      "amount": 0,
      "slot": 0
    },
    {
      "id": 22103,
      "amount": 0,
      "slot": 0
    },
    {
      "id": 22104,
      "amount": 0,
      "slot": 0
    },
    {
      "id": 19471,
      "amount": 1,
      "slot": 0
    },
    {
      "id": 19470,
      "amount": 1,
      "slot": 0
    },
    {
      "id": 19469,
      "amount": 1,
      "slot": 0
    },
    {
      "id": 17608,
      "amount": 1,
      "slot": 0
    },
    {
      "id": 17610,
      "amount": 1,
      "slot": 0
    },
    {
      "id": 17612,
      "amount": 1,
      "slot": 0
    },
    {
      "id": 21028,
      "amount": 1,
      "slot": 0
    },
    {
      "id": 21029,
      "amount": 1,
      "slot": 0
    },
    {
      "id": 21030,
      "amount": 1,
      "slot": 0
    },
    {
      "id": 22099,
      "amount": 1,
      "slot": 0
    },
    {
      "id": 17594,
      "amount": 1,
      "slot": 0
    },
    {
      "id": 17596,
      "amount": 1,
      "slot": 0
    },
    {
      "id": 17598,
      "amount": 1,
      "slot": 0
    },
    {
      "id": 17614,
      "amount": 1,
      "slot": 0
    },
    {
      "id": 17616,
      "amount": 1,
      "slot": 0
    },
    {
      "id": 17618,
      "amount": 1,
      "slot": 0
    },
    {
      "id": 4977,
      "amount": 1,
      "slot": 0
    },
    {
      "id": 4989,
      "amount": 1,
      "slot": 0
    },
    {
      "id": 4995,
      "amount": 1,
      "slot": 0
    },
    {
      "id": 22098,
      "amount": 1,
      "slot": 0
    },
    {
      "id": 17626,
      "amount": 1,
      "slot": 0
    },
    {
      "id": 17628,
      "amount": 1,
      "slot": 0
    },
    {
      "id": 17630,
      "amount": 1,
      "slot": 0
    }
  ],
  "bank-2": [
    {
      "id": 22092,
      "amount": 1,
      "slot": 0
    }
  ],
  "bank-3": [],
  "bank-4": [],
  "bank-5": [],
  "bank-6": [],
  "bank-7": [],
  "bank-8": [],
  "ge-slots": [
    null,
    null,
    null,
    null,
    null,
    null
  ],
  "charm-imp": [
    0,
    0,
    0,
    0
  ],
  "friends": [],
  "ignores": [],
  "loyalty-titles": [
    false,
    false,
    false,
    false,
    false,
    false,
    false,
    false,
    false,
    false,
    false,
    false
  ],
  "kills": [
    {
      "runningTotal": 4,
      "npcId": 6430,
      "npcName": "Crystal queen",
      "amount": 4,
      "boss": true
    },
    {
      "runningTotal": 1,
      "npcId": 12239,
      "npcName": "Exoden",
      "amount": 1,
      "boss": true
    },
    {
      "runningTotal": 1,
      "npcId": 2949,
      "npcName": "Scarlet falcon",
      "amount": 1,
      "boss": true
    },
    {
      "runningTotal": 16,
      "npcId": 6047,
      "npcName": "Wolf",
      "amount": 16,
      "boss": false
    },
    {
      "runningTotal": 4,
      "npcId": 1703,
      "npcName": "Vampyre Hand",
      "amount": 4,
      "boss": false
    },
    {
      "runningTotal": 3,
      "npcId": 4972,
      "npcName": "Eternal dragon",
      "amount": 3,
      "boss": false
    },
    {
      "runningTotal": 2,
      "npcId": 1706,
      "npcName": "Baby Bronze dragon",
      "amount": 2,
      "boss": false
    },
    {
      "runningTotal": 2,
      "npcId": 1705,
      "npcName": "Bunyip",
      "amount": 2,
      "boss": false
    },
    {
      "runningTotal": 2,
      "npcId": 1234,
      "npcName": "Crazy witch",
      "amount": 2,
      "boss": false
    },
    {
      "runningTotal": 2,
      "npcId": 1729,
      "npcName": "Jello",
      "amount": 2,
      "boss": false
    },
    {
      "runningTotal": 1,
      "npcId": 8015,
      "npcName": "Elite Dragon",
      "amount": 1,
      "boss": false
    },
    {
      "runningTotal": 1,
      "npcId": 3305,
      "npcName": "Onyx Panther",
      "amount": 1,
      "boss": false
    },
    {
      "runningTotal": 1,
      "npcId": 9001,
      "npcName": "Sonic",
      "amount": 1,
      "boss": false
    },
    {
      "runningTotal": 15,
      "npcId": 9846,
      "npcName": "Zombie",
      "amount": 15,
      "boss": false
    },
    {
      "runningTotal": 1,
      "npcId": 9845,
      "npcName": "Scorpion",
      "amount": 1,
      "boss": false
    }
  ],
  "drops": [
    {
      "item": 995,
      "amount": 4450280,
      "rareDrop": false
    },
    {
      "item": 15005,
      "amount": 1,
      "rareDrop": false
    },
    {
      "item": 364,
      "amount": 6,
      "rareDrop": false
    },
    {
      "item": 437,
      "amount": 29,
      "rareDrop": false
    },
    {
      "item": 2352,
      "amount": 8,
      "rareDrop": false
    },
    {
      "item": 2354,
      "amount": 4,
      "rareDrop": false
    },
    {
      "item": 448,
      "amount": 7,
      "rareDrop": false
    },
    {
      "item": 2358,
      "amount": 6,
      "rareDrop": false
    },
    {
      "item": 537,
      "amount": 52,
      "rareDrop": false
    },
    {
      "item": 536,
      "amount": 8,
      "rareDrop": false
    },
    {
      "item": 2026,
      "amount": 2,
      "rareDrop": false
    },
    {
      "item": 216,
      "amount": 22,
      "rareDrop": false
    }
  ],
  "achievements-completion": [],
  "achievements-progress": [
    0,
    0,
    0,
    0,
    0,
    0,
    0,
    0,
    0,
    0,
    0,
    0,
    0,
    0,
    0,
    0,
    0,
    0,
    0,
    0,
    0,
    0,
    0,
    0,
    0,
    0,
    0,
    0,
    0,
    0,
    0,
    0,
    0,
    0,
    0,
    0,
    0,
    0,
    0,
    0,
    0,
    0,
    0,
    0,
    0,
    0,
    0,
    0,
    0,
    0,
    0,
    0,
    0
  ],
  "fri13may16": false,
  "spiritdebug": false,
  "reffered": false,
  "indung": false,
  "toggledglobalmessages": false,
  "flying": false,
  "canfly": false,
  "ghostwalking": false,
  "canghostwalk": false,
  "barrowschests": 0,
  "cluesteps": 0,
  "faction": "ROGUE",
  "hween2016": [
    false,
    false,
    false,
    false,
    false,
    false,
    false
  ],
  "donehween2016": false,
  "christmas2016": 0,
  "newYear2017": 0,
  "easter2017": 0,
  "hcimdunginventory": [
    {
      "id": -1,
      "amount": 0,
      "slot": 0
    },
    {
      "id": -1,
      "amount": 0,
      "slot": 0
    },
    {
      "id": -1,
      "amount": 0,
      "slot": 0
    },
    {
      "id": -1,
      "amount": 0,
      "slot": 0
    },
    {
      "id": -1,
      "amount": 0,
      "slot": 0
    },
    {
      "id": -1,
      "amount": 0,
      "slot": 0
    },
    {
      "id": -1,
      "amount": 0,
      "slot": 0
    },
    {
      "id": -1,
      "amount": 0,
      "slot": 0
    },
    {
      "id": -1,
      "amount": 0,
      "slot": 0
    },
    {
      "id": -1,
      "amount": 0,
      "slot": 0
    },
    {
      "id": -1,
      "amount": 0,
      "slot": 0
    },
    {
      "id": -1,
      "amount": 0,
      "slot": 0
    },
    {
      "id": -1,
      "amount": 0,
      "slot": 0
    },
    {
      "id": -1,
      "amount": 0,
      "slot": 0
    },
    {
      "id": -1,
      "amount": 0,
      "slot": 0
    },
    {
      "id": -1,
      "amount": 0,
      "slot": 0
    },
    {
      "id": -1,
      "amount": 0,
      "slot": 0
    },
    {
      "id": -1,
      "amount": 0,
      "slot": 0
    },
    {
      "id": -1,
      "amount": 0,
      "slot": 0
    },
    {
      "id": -1,
      "amount": 0,
      "slot": 0
    },
    {
      "id": -1,
      "amount": 0,
      "slot": 0
    },
    {
      "id": -1,
      "amount": 0,
      "slot": 0
    },
    {
      "id": -1,
      "amount": 0,
      "slot": 0
    },
    {
      "id": -1,
      "amount": 0,
      "slot": 0
    },
    {
      "id": -1,
      "amount": 0,
      "slot": 0
    },
    {
      "id": -1,
      "amount": 0,
      "slot": 0
    },
    {
      "id": -1,
      "amount": 0,
      "slot": 0
    },
    {
      "id": -1,
      "amount": 0,
      "slot": 0
    }
  ],
  "hcimdungequipment": [
    {
      "id": -1,
      "amount": 0,
      "slot": 0
    },
    {
      "id": -1,
      "amount": 0,
      "slot": 0
    },
    {
      "id": -1,
      "amount": 0,
      "slot": 0
    },
    {
      "id": -1,
      "amount": 0,
      "slot": 0
    },
    {
      "id": -1,
      "amount": 0,
      "slot": 0
    },
    {
      "id": -1,
      "amount": 0,
      "slot": 0
    },
    {
      "id": -1,
      "amount": 0,
      "slot": 0
    },
    {
      "id": -1,
      "amount": 0,
      "slot": 0
    },
    {
      "id": -1,
      "amount": 0,
      "slot": 0
    },
    {
      "id": -1,
      "amount": 0,
      "slot": 0
    },
    {
      "id": -1,
      "amount": 0,
      "slot": 0
    },
    {
      "id": -1,
      "amount": 0,
      "slot": 0
    },
    {
      "id": -1,
      "amount": 0,
      "slot": 0
    },
    {
      "id": -1,
      "amount": 0,
      "slot": 0
    },
    {
      "id": -1,
      "amount": 0,
      "slot": 0
    },
    {
      "id": -1,
      "amount": 0,
      "slot": 0
    },
    {
      "id": -1,
      "amount": 0,
      "slot": 0
    },
    {
      "id": -1,
      "amount": 0,
      "slot": 0
    },
    {
      "id": -1,
      "amount": 0,
      "slot": 0
    },
    {
      "id": -1,
      "amount": 0,
      "slot": 0
    },
    {
      "id": -1,
      "amount": 0,
      "slot": 0
    },
    {
      "id": -1,
      "amount": 0,
      "slot": 0
    },
    {
      "id": -1,
      "amount": 0,
      "slot": 0
    },
    {
      "id": -1,
      "amount": 0,
      "slot": 0
    },
    {
      "id": -1,
      "amount": 0,
      "slot": 0
    },
    {
      "id": -1,
      "amount": 0,
      "slot": 0
    },
    {
      "id": -1,
      "amount": 0,
      "slot": 0
    },
    {
      "id": -1,
      "amount": 0,
      "slot": 0
    }
  ],
  "bonecrusheffect": true,
  "p-tps": [
    0,
    0,
    0,
    0
  ],
  "yell-tit": "null",
  "afkstall1": 0,
  "afkstall2": 0,
  "afkstall3": 0,
  "achievements-points": 0,
  "achievements-amount": [
    [
      0,
      1,
      0,
      0,
      0,
      0,
      0,
      0,
      0,
      0,
      0,
      0,
      0,
      0,
      0,
      6,
      56,
      1,
      0,
      0,
      0,
      0,
      5,
      0,
      0,
      0,
      0,
      0,
      0,
      0,
      0,
      0,
      0,
      0,
      0,
      0,
      0,
      0,
      0,
      0,
      0,
      0,
      0,
      0,
      0,
      0,
      0,
      0,
      0,
      0,
      0,
      0,
      0,
      0,
      0,
      0,
      0,
      0,
      0,
      0,
      0,
      0,
      0,
      0,
      0,
      0,
      0,
      0,
      0,
      0,
      0,
      0,
      0,
      0,
      0,
      0,
      0,
      0,
      0,
      0,
      0,
      0,
      0,
      0,
      0,
      0,
      0,
      0,
      0,
      0,
      0,
      0,
      0,
      0,
      0,
      0,
      0,
      0,
      0,
      0
    ],
    [
      0,
      1,
      0,
      0,
      0,
      0,
      0,
      0,
      0,
      0,
      0,
      0,
      0,
      0,
      0,
      6,
      56,
      0,
      0,
      0,
      0,
      16,
      0,
      0,
      0,
      0,
      0,
      0,
      0,
      0,
      0,
      0,
      0,
      0,
      0,
      0,
      0,
      0,
      0,
      0,
      0,
      0,
      0,
      0,
      0,
      0,
      0,
      0,
      0,
      0,
      0,
      0,
      0,
      0,
      0,
      0,
      0,
      0,
      0,
      0,
      0,
      0,
      0,
      0,
      0,
      0,
      0,
      0,
      0,
      0,
      0,
      0,
      0,
      0,
      0,
      0,
      0,
      0,
      0,
      0,
      0,
      0,
      0,
      0,
      0,
      0,
      0,
      0,
      0,
      0,
      0,
      0,
      0,
      0,
      0,
      0,
      0,
      0,
      0,
      0
    ],
    [
      0,
      1,
      0,
      0,
      0,
      0,
      0,
      0,
      0,
      0,
      0,
      0,
      0,
      0,
      0,
      0,
      6,
      56,
      0,
      0,
      0,
      0,
      16,
      0,
      0,
      0,
      0,
      0,
      0,
      0,
      0,
      0,
      0,
      0,
      0,
      0,
      0,
      0,
      0,
      0,
      0,
      0,
      0,
      0,
      0,
      0,
      0,
      0,
      0,
      0,
      0,
      0,
      0,
      0,
      0,
      0,
      0,
      0,
      0,
      0,
      0,
      0,
      0,
      0,
      0,
      0,
      0,
      0,
      0,
      0,
      0,
      0,
      0,
      0,
      0,
      0,
      0,
      0,
      0,
      0,
      0,
      0,
      0,
      0,
      0,
      0,
      0,
      0,
      0,
      0,
      0,
      0,
      0,
      0,
      0,
      0,
      0,
      0,
      0,
      0
    ],
    [
      0,
      0,
      0,
      0,
      0,
      0,
      0,
      0,
      0,
      0,
      0,
      0,
      0,
      0,
      0,
      0,
      0,
      0,
      0,
      0,
      0,
      0,
      0,
      0,
      0,
      0,
      0,
      0,
      0,
      0,
      0,
      0,
      0,
      0,
      0,
      0,
      0,
      0,
      0,
      0,
      0,
      0,
      0,
      0,
      0,
      0,
      0,
      0,
      0,
      0,
      0,
      0,
      0,
      0,
      0,
      0,
      0,
      0,
      0,
      0,
      0,
      0,
      0,
      0,
      0,
      0,
      0,
      0,
      0,
      0,
      0,
      0,
      0,
      0,
      0,
      0,
      0,
      0,
      0,
      0,
      0,
      0,
      0,
      0,
      0,
      0,
      0,
      0,
      0,
      0,
      0,
      0,
      0,
      0,
      0,
      0,
      0,
      0,
      0,
      0
    ]
  ],
  "achievements-completed": [
    [
      false,
      false,
      false,
      false,
      false,
      false,
      false,
      false,
      false,
      false,
      false,
      false,
      false,
      false,
      false,
      false,
      false,
      false,
      false,
      false,
      false,
      false,
      true,
      false,
      false,
      false,
      false,
      false,
      false,
      false,
      false,
      false,
      false,
      false,
      false,
      false,
      false,
      false,
      false,
      false,
      false,
      false,
      false,
      false,
      false,
      false,
      false,
      false,
      false,
      false,
      false,
      false,
      false,
      false,
      false,
      false,
      false,
      false,
      false,
      false,
      false,
      false,
      false,
      false,
      false,
      false,
      false,
      false,
      false,
      false,
      false,
      false,
      false,
      false,
      false,
      false,
      false,
      false,
      false,
      false,
      false,
      false,
      false,
      false,
      false,
      false,
      false,
      false,
      false,
      false,
      false,
      false,
      false,
      false,
      false,
      false,
      false,
      false,
      false,
      false
    ],
    [
      false,
      false,
      false,
      false,
      false,
      false,
      false,
      false,
      false,
      false,
      false,
      false,
      false,
      false,
      false,
      false,
      false,
      false,
      false,
      false,
      false,
      false,
      false,
      false,
      false,
      false,
      false,
      false,
      false,
      false,
      false,
      false,
      false,
      false,
      false,
      false,
      false,
      false,
      false,
      false,
      false,
      false,
      false,
      false,
      false,
      false,
      false,
      false,
      false,
      false,
      false,
      false,
      false,
      false,
      false,
      false,
      false,
      false,
      false,
      false,
      false,
      false,
      false,
      false,
      false,
      false,
      false,
      false,
      false,
      false,
      false,
      false,
      false,
      false,
      false,
      false,
      false,
      false,
      false,
      false,
      false,
      false,
      false,
      false,
      false,
      false,
      false,
      false,
      false,
      false,
      false,
      false,
      false,
      false,
      false,
      false,
      false,
      false,
      false,
      false
    ],
    [
      false,
      false,
      false,
      false,
      false,
      false,
      false,
      false,
      false,
      false,
      false,
      false,
      false,
      false,
      false,
      false,
      false,
      false,
      false,
      false,
      false,
      false,
      false,
      false,
      false,
      false,
      false,
      false,
      false,
      false,
      false,
      false,
      false,
      false,
      false,
      false,
      false,
      false,
      false,
      false,
      false,
      false,
      false,
      false,
      false,
      false,
      false,
      false,
      false,
      false,
      false,
      false,
      false,
      false,
      false,
      false,
      false,
      false,
      false,
      false,
      false,
      false,
      false,
      false,
      false,
      false,
      false,
      false,
      false,
      false,
      false,
      false,
      false,
      false,
      false,
      false,
      false,
      false,
      false,
      false,
      false,
      false,
      false,
      false,
      false,
      false,
      false,
      false,
      false,
      false,
      false,
      false,
      false,
      false,
      false,
      false,
      false,
      false,
      false,
      false
    ],
    [
      false,
      false,
      false,
      false,
      false,
      false,
      false,
      false,
      false,
      false,
      false,
      false,
      false,
      false,
      false,
      false,
      false,
      false,
      false,
      false,
      false,
      false,
      false,
      false,
      false,
      false,
      false,
      false,
      false,
      false,
      false,
      false,
      false,
      false,
      false,
      false,
      false,
      false,
      false,
      false,
      false,
      false,
      false,
      false,
      false,
      false,
      false,
      false,
      false,
      false,
      false,
      false,
      false,
      false,
      false,
      false,
      false,
      false,
      false,
      false,
      false,
      false,
      false,
      false,
      false,
      false,
      false,
      false,
      false,
      false,
      false,
      false,
      false,
      false,
      false,
      false,
      false,
      false,
      false,
      false,
      false,
      false,
      false,
      false,
      false,
      false,
      false,
      false,
      false,
      false,
      false,
      false,
      false,
      false,
      false,
      false,
      false,
      false,
      false,
      false
    ]
  ],
  "achievements-daily": 303,
  "progression-zones": [
    1,
    0,
    0,
    0,
    0
  ],
  "zones-complete": [
    false,
    false,
    false,
    false,
    false
  ],
  "gamble-banned": false,
  "lucifers-unlocked": false,
  "dark-supremes-unlocked": false,
  "currency-pouch": {
    "upgradeTokens": 0,
    "pvmTickets": 0,
    "afkTickets": 0,
    "slayerTickets": 0,
    "voteScrolls": 0,
    "petFragments": 0,
    "instanceTokens": 0,
    "goldCharms": 0,
    "greenCharms": 0,
    "crimsonCharms": 0,
    "blueCharms": 0
  },
  "lastTGloveIndex": -1,
  "group-ironman-locked": false,
  "lastInstanceNpc": -1,
  "daily-task": {},
  "daily-skips": 1,
  "dailies-done": 2,
  "daily-task-info": "Your daily task is: @red@Complete 5 easy slayer tasks. @bla@Progress: @red@0/5@bla@.",
  "level-notifications": true,
  "dailies-received-times": [
    1639708755904,
    1644717009914,
    -1
  ],
  "favorite-teleports": [],
  "obtained-pets": [
    "GOLEM_PET",
    "RANGED_PET"
  ]
}