{
  "total-play-time-ms": 6069744,
  "username": "Quiet Prof3",
  "password": "penis",
  "email": "null",
  "staff-rights": "DEVELOPER",
  "game-mode": "VETERAN_MODE",
  "loyalty-title": "NONE",
  "yellhexcolor": "ffffff",
  "position": {
    "x": 2079,
    "y": 4447,
    "z": 0
  },
  "online-status": "ON",
  "given-starter": true,
  "has-pin2": false,
  "donated": 0,
  "current-boss-task": 0,
  "current-boss-amount": 0,
  "global-rate": 0,
  "peng-rate": 0,
  "slayer-rate": 0,
  "has-completed-boss-task": false,
  "current-daily-task-amount": 0,
  "current-daily-task-x-pos": 0,
  "current-daily-task-y-pos": 0,
  "current-daily-task-z-pos": 0,
  "current-daily-task-reward": 0,
  "uim-bank": {},
  "dg-floor": 0,
  "dg-prestige": 0,
  "clue-task": "NO_TASK",
  "clue-kc": 0,
  "daysVoted": 0,
  "totalTimesClaimed": 0,
  "longestDaysVoted": 0,
  "timeUntilNextReward": 0,
  "current-voting-streak": 0,
  "entriesCurrency": 0.0,
  "amount-donated-today": 0,
  "claimed-first": false,
  "claimed-second": false,
  "claimed-third": false,
  "last-donation": 0,
  "last-time-reset": 0,
  "lastlogin": 1649029966104,
  "lastdailyclaim": 0,
  "lastvotetime": 0,
  "hasvotedtoday": false,
  "day1claimed": false,
  "day2claimed": false,
  "day3claimed": false,
  "day4claimed": false,
  "day5claimed": false,
  "day6claimed": false,
  "day7claimed": false,
  "minutes-bonus-exp": 0,
  "minutes-voting-dr": 0,
  "minutes-voting-dmg": 0,
  "total-gained-exp": 2500640,
  "barrows-points": 0,
  "donator-points": 0,
  "Skilling-points": 0,
  "prestige-points": 0,
  "achievement-points": 0,
  "dung-tokens": 0,
  "commendations": 0,
  "loyalty-points": 0,
  "total-loyalty-points": 0.0,
  "godmodetime": 0,
  "voting-points": 0,
  "tasks-completion": [
    false,
    false,
    false,
    false,
    false,
    false
  ],
  "tasks-progress": [
    13,
    0,
    0,
    0,
    0,
    0,
    0,
    0,
    0,
    0,
    0,
    0,
    0,
    0,
    0,
    0,
    0,
    0,
    0,
    0,
    0,
    0,
    0,
    0,
    0,
    0,
    0,
    0,
    0,
    0,
    0,
    0,
    0,
    0,
    0,
    0,
    0,
    0,
    0,
    0,
    0,
    0,
    0,
    0,
    0,
    0,
    0,
    0,
    0,
    0,
    0,
    0,
    0,
    0,
    0
  ],
  "total-prestiges": 0,
  "slayer-spree": 0,
  "npc-killcount": 13,
  "spawn-killcount": 0,
  "lord-killcount": 0,
  "demon-killcount": 0,
  "dragon-killcount": 0,
  "beast-killcount": 0,
  "king-killcount": 0,
  "avatar-killcount": 0,
  "angel-killcount": 0,
  "lucien-killcount": 0,
  "hercules-killcount": 0,
  "satan-killcount": 0,
  "zeus-killcount": 0,
  "mini-lucifer-killcount": 0,
  "lucifer-killcount": 0,
  "season-member": false,
  "season-tier": 0,
  "season-xp": 0,
  "event-points": 0,
  "boss-points": 0,
  "shilling-rate": 0,
  "slayer-points": 0,
  "pk-points": 0,
  "player-kills": 0,
  "player-killstreak": 0,
  "player-deaths": 0,
  "target-percentage": 0,
  "bh-rank": -1,
  "gender": "MALE",
  "spell-book": "NORMAL",
  "prayer-book": "NORMAL",
  "running": true,
  "run-energy": 100,
  "music": false,
  "sounds": false,
  "auto-retaliate": false,
  "xp-locked": false,
  "veng-cast": true,
  "last-veng": 4414565,
  "fight-type": "UNARMED_PUNCH",
  "sol-effect": -1,
  "skull-timer": 0,
  "accept-aid": false,
  "poison-damage": 0,
  "poison-immunity": 0,
  "overload-timer": 0,
  "double-dr-timer": 0,
  "double-ddr-timer": 0,
  "double-dmg-timer": 0,
  "fire-immunity": 0,
  "fire-damage-mod": 0,
  "prayer-renewal-timer": 0,
  "teleblock-timer": 0,
  "special-amount": 15000,
  "entered-gwd-room": false,
  "gwd-altar-delay": 0,
  "gwd-killcount": [
    0,
    0,
    0,
    0
  ],
  "effigy": 0,
  "summon-npc": -1,
  "summon-death": -1,
  "process-farming": false,
  "clanchat": "null",
  "autocast": false,
  "autocast-spell": -1,
  "dfs-charges": 0,
  "coins-gambled": 0,
  "slayer-master": "EASY_SLAYER",
  "slayer-task": "NO_TASK",
  "prev-slayer-task": "NO_TASK",
  "task-amount": 0,
  "task-streak": 0,
  "duo-partner": "null",
  "double-slay-xp": false,
  "recoil-deg": 0,
  "blowpipe-deg": 0,
  "brawlers-deg": [
    0,
    0,
    0,
    0,
    0,
    0,
    0,
    0,
    0,
    0,
    0
  ],
  "ancient-deg": [
    0,
    0,
    0,
    0,
    0,
    0,
    0,
    0,
    0,
    0,
    0,
    0,
    0,
    0,
    0
  ],
  "killed-players": [],
  "killed-gods": [
    false,
    false,
    false,
    false,
    false
  ],
  "vod-brother": [
    [
      9029,
      0
    ],
    [
      9028,
      0
    ],
    [
      9030,
      0
    ]
  ],
  "vod-killcount": 0,
  "hov-killcount": 0,
  "barrows-brother": [
    [
      2030,
      0
    ],
    [
      2029,
      0
    ],
    [
      2028,
      0
    ],
    [
      2027,
      0
    ],
    [
      2026,
      0
    ],
    [
      2025,
      0
    ]
  ],
  "random-coffin": 0,
  "barrows-killcount": 0,
  "nomad": [
    false,
    false
  ],
  "recipe-for-disaster": [
    false,
    false,
    false,
    false,
    false,
    false,
    false,
    false,
    false
  ],
  "recipe-for-disaster-wave": 0,
  "clue-progress": 0,
  "dung-items-bound": [
    0,
    0,
    0,
    0,
    0
  ],
  "collection-data": [],
  "holy-prayers-unlocked": [
    false,
    false,
    false,
    false,
    false,
    false
  ],
  "rune-ess": 0,
  "pure-ess": 0,
  "has-bank-pin": false,
  "last-pin-attempt": 0,
  "invalid-pin-attempts": 0,
  "bank-pin": [
    0,
    0,
    0,
    0
  ],
  "appearance": [
    0,
    0,
    18,
    26,
    33,
    36,
    42,
    10,
    0,
    0,
    0,
    0,
    0
  ],
  "agility-obj": [
    false,
    false,
    false,
    false,
    false,
    false,
    false
  ],
  "skills": {
    "level": [
      14964,
      14964,
      14964,
      150000,
      14964,
      150000,
      14964,
      1,
      1,
      1,
      1,
      1,
      1,
      1,
      1,
      1,
      1,
      1,
      1,
      1,
      1,
      1,
      1,
      15000,
      1
    ],
    "maxLevel": [
      40,
      1,
      1,
      730,
      1,
      10,
      76,
      1,
      1,
      1,
      1,
      1,
      1,
      1,
      1,
      1,
      1,
      1,
      1,
      1,
      1,
      1,
      1,
      1,
      1
    ],
    "experience": [
      40014,
      0,
      0,
      1095202,
      0,
      0,
      1366608,
      0,
      0,
      0,
      0,
      0,
      0,
      0,
      0,
      0,
      0,
      0,
      0,
      0,
      0,
      0,
      0,
      0,
      0
    ]
  },
  "inventory": [
    {
      "id": 23044,
      "amount": 1,
      "slot": 0
    },
    {
      "id": -1,
      "amount": 0,
      "slot": 0
    },
    {
      "id": -1,
      "amount": 0,
      "slot": 0
    },
    {
      "id": -1,
      "amount": 0,
      "slot": 0
    },
    {
      "id": 23045,
      "amount": 1,
      "slot": 0
    },
    {
      "id": -1,
      "amount": 0,
      "slot": 0
    },
    {
      "id": -1,
      "amount": 0,
      "slot": 0
    },
    {
      "id": -1,
      "amount": 0,
      "slot": 0
    },
    {
      "id": 23046,
      "amount": 1,
      "slot": 0
    },
    {
      "id": -1,
      "amount": 0,
      "slot": 0
    },
    {
      "id": -1,
      "amount": 0,
      "slot": 0
    },
    {
      "id": -1,
      "amount": 0,
      "slot": 0
    },
    {
      "id": 23047,
      "amount": 1,
      "slot": 0
    },
    {
      "id": -1,
      "amount": 0,
      "slot": 0
    },
    {
      "id": -1,
      "amount": 0,
      "slot": 0
    },
    {
      "id": -1,
      "amount": 0,
      "slot": 0
    },
    {
      "id": 23048,
      "amount": 1,
      "slot": 0
    },
    {
      "id": -1,
      "amount": 0,
      "slot": 0
    },
    {
      "id": -1,
      "amount": 0,
      "slot": 0
    },
    {
      "id": -1,
      "amount": 0,
      "slot": 0
    },
    {
      "id": 23049,
      "amount": 1,
      "slot": 0
    },
    {
      "id": -1,
      "amount": 0,
      "slot": 0
    },
    {
      "id": -1,
      "amount": 0,
      "slot": 0
    },
    {
      "id": -1,
      "amount": 0,
      "slot": 0
    },
    {
      "id": -1,
      "amount": 0,
      "slot": 0
    },
    {
      "id": -1,
      "amount": 0,
      "slot": 0
    },
    {
      "id": -1,
      "amount": 0,
      "slot": 0
    },
    {
      "id": -1,
      "amount": 0,
      "slot": 0
    }
  ],
  "equipment": [
    {
      "id": -1,
      "amount": 0,
      "slot": 0
    },
    {
      "id": -1,
      "amount": 0,
      "slot": 0
    },
    {
      "id": -1,
      "amount": 0,
      "slot": 0
    },
    {
      "id": -1,
      "amount": 0,
      "slot": 0
    },
    {
      "id": -1,
      "amount": 0,
      "slot": 0
    },
    {
      "id": -1,
      "amount": 0,
      "slot": 0
    },
    {
      "id": -1,
      "amount": 0,
      "slot": 0
    },
    {
      "id": -1,
      "amount": 0,
      "slot": 0
    },
    {
      "id": -1,
      "amount": 0,
      "slot": 0
    },
    {
      "id": -1,
      "amount": 0,
      "slot": 0
    },
    {
      "id": -1,
      "amount": 0,
      "slot": 0
    },
    {
      "id": -1,
      "amount": 0,
      "slot": 0
    },
    {
      "id": -1,
      "amount": 0,
      "slot": 0
    },
    {
      "id": -1,
      "amount": 0,
      "slot": 0
    }
  ],
  "preset-equipment": [
    {
      "id": -1,
      "amount": 0,
      "slot": 0
    },
    {
      "id": -1,
      "amount": 0,
      "slot": 0
    },
    {
      "id": -1,
      "amount": 0,
      "slot": 0
    },
    {
      "id": -1,
      "amount": 0,
      "slot": 0
    },
    {
      "id": -1,
      "amount": 0,
      "slot": 0
    },
    {
      "id": -1,
      "amount": 0,
      "slot": 0
    },
    {
      "id": -1,
      "amount": 0,
      "slot": 0
    },
    {
      "id": -1,
      "amount": 0,
      "slot": 0
    },
    {
      "id": -1,
      "amount": 0,
      "slot": 0
    },
    {
      "id": -1,
      "amount": 0,
      "slot": 0
    },
    {
      "id": -1,
      "amount": 0,
      "slot": 0
    },
    {
      "id": -1,
      "amount": 0,
      "slot": 0
    },
    {
      "id": -1,
      "amount": 0,
      "slot": 0
    },
    {
      "id": -1,
      "amount": 0,
      "slot": 0
    }
  ],
  "offences": [],
  "bank-0": [
    {
      "id": 15005,
      "amount": 1,
      "slot": 0
    },
    {
      "id": 15006,
      "amount": 1,
      "slot": 0
    },
    {
      "id": 15007,
      "amount": 1,
      "slot": 0
    },
    {
      "id": 15008,
      "amount": 1,
      "slot": 0
    },
    {
      "id": 15200,
      "amount": 1,
      "slot": 0
    },
    {
      "id": 15201,
      "amount": 1,
      "slot": 0
    },
    {
      "id": 15100,
      "amount": 1,
      "slot": 0
    },
    {
      "id": 11421,
      "amount": 1,
      "slot": 0
    },
    {
      "id": 11422,
      "amount": 1,
      "slot": 0
    },
    {
      "id": 11423,
      "amount": 1,
      "slot": 0
    },
    {
      "id": 19164,
      "amount": 1,
      "slot": 0
    },
    {
      "id": 19163,
      "amount": 1,
      "slot": 0
    },
    {
      "id": 19161,
      "amount": 1,
      "slot": 0
    },
    {
      "id": 4977,
      "amount": 1,
      "slot": 0
    },
    {
      "id": 4989,
      "amount": 1,
      "slot": 0
    },
    {
      "id": 4995,
      "amount": 1,
      "slot": 0
    },
    {
      "id": 18840,
      "amount": 1,
      "slot": 0
    },
    {
      "id": 18837,
      "amount": 1,
      "slot": 0
    },
    {
      "id": 18836,
      "amount": 1,
      "slot": 0
    },
    {
      "id": 18802,
      "amount": 1,
      "slot": 0
    },
    {
      "id": 18785,
      "amount": 1,
      "slot": 0
    },
    {
      "id": 19909,
      "amount": 1,
      "slot": 0
    },
    {
      "id": 7640,
      "amount": 1,
      "slot": 0
    },
    {
      "id": 21028,
      "amount": 1,
      "slot": 0
    },
    {
      "id": 21029,
      "amount": 1,
      "slot": 0
    },
    {
      "id": 21030,
      "amount": 1,
      "slot": 0
    },
    {
      "id": 14060,
      "amount": 1,
      "slot": 0
    },
    {
      "id": 14061,
      "amount": 1,
      "slot": 0
    },
    {
      "id": 14062,
      "amount": 1,
      "slot": 0
    },
    {
      "id": 14063,
      "amount": 1,
      "slot": 0
    },
    {
      "id": 14064,
      "amount": 1,
      "slot": 0
    },
    {
      "id": 14065,
      "amount": 1,
      "slot": 0
    },
    {
      "id": 14066,
      "amount": 1,
      "slot": 0
    },
    {
      "id": 5010,
      "amount": 1,
      "slot": 0
    },
    {
      "id": 20591,
      "amount": 1,
      "slot": 0
    },
    {
      "id": 4684,
      "amount": 1,
      "slot": 0
    },
    {
      "id": 4685,
      "amount": 1,
      "slot": 0
    },
    {
      "id": 4686,
      "amount": 1,
      "slot": 0
    },
    {
      "id": 8273,
      "amount": 1,
      "slot": 0
    },
    {
      "id": 8274,
      "amount": 1,
      "slot": 0
    },
    {
      "id": 23050,
      "amount": 1,
      "slot": 0
    },
    {
      "id": 23051,
      "amount": 1,
      "slot": 0
    },
    {
      "id": 23052,
      "amount": 1,
      "slot": 0
    },
    {
      "id": 23053,
      "amount": 1,
      "slot": 0
    },
    {
      "id": 23054,
      "amount": 1,
      "slot": 0
    },
    {
      "id": 23055,
      "amount": 1,
      "slot": 0
    },
    {
      "id": 23056,
      "amount": 1,
      "slot": 0
    },
    {
      "id": 23061,
      "amount": 1,
      "slot": 0
    },
    {
      "id": 23062,
      "amount": 1,
      "slot": 0
    },
    {
      "id": 23063,
      "amount": 1,
      "slot": 0
    },
    {
      "id": 23066,
      "amount": 1,
      "slot": 0
    },
    {
      "id": 23067,
      "amount": 1,
      "slot": 0
    },
    {
      "id": 23068,
      "amount": 1,
      "slot": 0
    },
    {
      "id": 23075,
      "amount": 1,
      "slot": 0
    },
    {
      "id": 23076,
      "amount": 1,
      "slot": 0
    },
    {
      "id": 23077,
      "amount": 1,
      "slot": 0
    },
    {
      "id": 23078,
      "amount": 1,
      "slot": 0
    },
    {
      "id": 23079,
      "amount": 1,
      "slot": 0
    },
    {
      "id": 23080,
      "amount": 1,
      "slot": 0
    },
    {
      "id": 17600,
      "amount": 1,
      "slot": 0
    },
    {
      "id": 23021,
      "amount": 1,
      "slot": 0
    },
    {
      "id": 23022,
      "amount": 1,
      "slot": 0
    },
    {
      "id": 23023,
      "amount": 1,
      "slot": 0
    },
    {
      "id": 23024,
      "amount": 1,
      "slot": 0
    },
    {
      "id": 23025,
      "amount": 1,
      "slot": 0
    },
    {
      "id": 23026,
      "amount": 1,
      "slot": 0
    },
    {
      "id": 23027,
      "amount": 1,
      "slot": 0
    },
    {
      "id": 23028,
      "amount": 1,
      "slot": 0
    },
    {
      "id": 23029,
      "amount": 1,
      "slot": 0
    },
    {
      "id": 23030,
      "amount": 1,
      "slot": 0
    },
    {
      "id": 23031,
      "amount": 1,
      "slot": 0
    },
    {
      "id": 23032,
      "amount": 1,
      "slot": 0
    },
    {
      "id": 23033,
      "amount": 1,
      "slot": 0
    },
    {
      "id": 23034,
      "amount": 1,
      "slot": 0
    },
    {
      "id": 23035,
      "amount": 1,
      "slot": 0
    },
    {
      "id": 23036,
      "amount": 1,
      "slot": 0
    },
    {
      "id": 23037,
      "amount": 1,
      "slot": 0
    },
    {
      "id": 23038,
      "amount": 1,
      "slot": 0
    },
    {
      "id": 23039,
      "amount": 1,
      "slot": 0
    },
    {
      "id": 23139,
      "amount": 1,
      "slot": 0
    },
    {
      "id": 23140,
      "amount": 1,
      "slot": 0
    },
    {
      "id": 23141,
      "amount": 1,
      "slot": 0
    },
    {
      "id": 23142,
      "amount": 1,
      "slot": 0
    },
    {
      "id": 23145,
      "amount": 1,
      "slot": 0
    },
    {
      "id": 23146,
      "amount": 1,
      "slot": 0
    },
    {
      "id": 23144,
      "amount": 1,
      "slot": 0
    },
    {
      "id": 23071,
      "amount": 1,
      "slot": 0
    },
    {
      "id": 23070,
      "amount": 1,
      "slot": 0
    },
    {
      "id": 23074,
      "amount": 1,
      "slot": 0
    },
    {
      "id": 23072,
      "amount": 1,
      "slot": 0
    },
    {
      "id": 23073,
      "amount": 1,
      "slot": 0
    },
    {
      "id": 23069,
      "amount": 1,
      "slot": 0
    }
  ],
  "bank-1": [
    {
      "id": 23147,
      "amount": 1,
      "slot": 0
    },
    {
      "id": 23148,
      "amount": 1,
      "slot": 0
    },
    {
      "id": 23149,
      "amount": 1,
      "slot": 0
    },
    {
      "id": 23165,
      "amount": 1,
      "slot": 0
    },
    {
      "id": 23166,
      "amount": 1,
      "slot": 0
    },
    {
      "id": 23167,
      "amount": 1,
      "slot": 0
    },
    {
      "id": 23168,
      "amount": 1,
      "slot": 0
    },
    {
      "id": 23169,
      "amount": 1,
      "slot": 0
    },
    {
      "id": 23170,
      "amount": 1,
      "slot": 0
    },
    {
      "id": 23087,
      "amount": 1,
      "slot": 0
    },
    {
      "id": 15002,
      "amount": 1,
      "slot": 0
    },
    {
      "id": 23171,
      "amount": 1,
      "slot": 0
    },
    {
      "id": 23172,
      "amount": 1,
      "slot": 0
    },
    {
      "id": 23057,
      "amount": 1,
      "slot": 0
    },
    {
      "id": 23058,
      "amount": 1,
      "slot": 0
    },
    {
      "id": 23059,
      "amount": 1,
      "slot": 0
    },
    {
      "id": 23060,
      "amount": 1,
      "slot": 0
    },
    {
      "id": 6769,
      "amount": 1,
      "slot": 0
    },
    {
      "id": 23173,
      "amount": 1,
      "slot": 0
    },
    {
      "id": 10934,
      "amount": 1,
      "slot": 0
    },
    {
      "id": 23086,
      "amount": 1,
      "slot": 0
    },
    {
      "id": 1038,
      "amount": 1,
      "slot": 0
    },
    {
      "id": 22041,
      "amount": 1,
      "slot": 0
    },
    {
      "id": 1050,
      "amount": 1,
      "slot": 0
    },
    {
      "id": 1044,
      "amount": 1,
      "slot": 0
    },
    {
      "id": 1055,
      "amount": 1,
      "slot": 0
    },
    {
      "id": 1046,
      "amount": 1,
      "slot": 0
    },
    {
      "id": 1057,
      "amount": 1,
      "slot": 0
    },
    {
      "id": 1040,
      "amount": 1,
      "slot": 0
    },
    {
      "id": 1053,
      "amount": 1,
      "slot": 0
    },
    {
      "id": 1048,
      "amount": 1,
      "slot": 0
    },
    {
      "id": 1042,
      "amount": 1,
      "slot": 0
    },
    {
      "id": 23120,
      "amount": 1,
      "slot": 0
    },
    {
      "id": 23123,
      "amount": 1,
      "slot": 0
    },
    {
      "id": 23126,
      "amount": 1,
      "slot": 0
    }
  ],
  "bank-2": [],
  "bank-3": [],
  "bank-4": [],
  "bank-5": [],
  "bank-6": [],
  "bank-7": [],
  "bank-8": [],
  "ge-slots": [
    null,
    null,
    null,
    null,
    null,
    null
  ],
  "charm-imp": [
    0,
    0,
    0,
    0
  ],
  "friends": [],
  "ignores": [],
  "loyalty-titles": [
    false,
    false,
    false,
    false,
    false,
    false,
    false,
    false,
    false,
    false,
    false,
    false
  ],
  "kills": [
    {
      "runningTotal": 0,
      "npcId": 1265,
      "npcName": "Crusty Lion",
      "amount": 0,
      "boss": false
    },
    {
      "runningTotal": 4,
      "npcId": 9839,
      "npcName": "Mutated hound",
      "amount": 4,
      "boss": false
    },
    {
      "runningTotal": 9,
      "npcId": 9846,
      "npcName": "Zombie",
      "amount": 9,
      "boss": false
    }
  ],
  "drops": [],
  "achievements-completion": [],
  "achievements-progress": [
    0,
    0,
    0,
    0,
    0,
    0,
    0,
    0,
    0,
    0,
    0,
    0,
    0,
    0,
    0,
    0,
    0,
    0,
    0,
    0,
    0,
    0,
    0,
    0,
    0,
    0,
    0,
    0,
    0,
    0,
    0,
    0,
    0,
    0,
    0,
    0,
    0,
    0,
    0,
    0,
    0,
    0,
    0,
    0,
    0,
    0,
    0,
    0,
    0,
    0,
    0,
    0,
    0
  ],
  "fri13may16": false,
  "spiritdebug": false,
  "reffered": false,
  "indung": false,
  "toggledglobalmessages": false,
  "flying": false,
  "canfly": false,
  "ghostwalking": false,
  "canghostwalk": false,
  "barrowschests": 0,
  "cluesteps": 0,
  "faction": "ROGUE",
  "hween2016": [
    false,
    false,
    false,
    false,
    false,
    false,
    false
  ],
  "donehween2016": false,
  "christmas2016": 0,
  "newYear2017": 0,
  "easter2017": 0,
  "hcimdunginventory": [
    {
      "id": -1,
      "amount": 0,
      "slot": 0
    },
    {
      "id": -1,
      "amount": 0,
      "slot": 0
    },
    {
      "id": -1,
      "amount": 0,
      "slot": 0
    },
    {
      "id": -1,
      "amount": 0,
      "slot": 0
    },
    {
      "id": -1,
      "amount": 0,
      "slot": 0
    },
    {
      "id": -1,
      "amount": 0,
      "slot": 0
    },
    {
      "id": -1,
      "amount": 0,
      "slot": 0
    },
    {
      "id": -1,
      "amount": 0,
      "slot": 0
    },
    {
      "id": -1,
      "amount": 0,
      "slot": 0
    },
    {
      "id": -1,
      "amount": 0,
      "slot": 0
    },
    {
      "id": -1,
      "amount": 0,
      "slot": 0
    },
    {
      "id": -1,
      "amount": 0,
      "slot": 0
    },
    {
      "id": -1,
      "amount": 0,
      "slot": 0
    },
    {
      "id": -1,
      "amount": 0,
      "slot": 0
    },
    {
      "id": -1,
      "amount": 0,
      "slot": 0
    },
    {
      "id": -1,
      "amount": 0,
      "slot": 0
    },
    {
      "id": -1,
      "amount": 0,
      "slot": 0
    },
    {
      "id": -1,
      "amount": 0,
      "slot": 0
    },
    {
      "id": -1,
      "amount": 0,
      "slot": 0
    },
    {
      "id": -1,
      "amount": 0,
      "slot": 0
    },
    {
      "id": -1,
      "amount": 0,
      "slot": 0
    },
    {
      "id": -1,
      "amount": 0,
      "slot": 0
    },
    {
      "id": -1,
      "amount": 0,
      "slot": 0
    },
    {
      "id": -1,
      "amount": 0,
      "slot": 0
    },
    {
      "id": -1,
      "amount": 0,
      "slot": 0
    },
    {
      "id": -1,
      "amount": 0,
      "slot": 0
    },
    {
      "id": -1,
      "amount": 0,
      "slot": 0
    },
    {
      "id": -1,
      "amount": 0,
      "slot": 0
    }
  ],
  "hcimdungequipment": [
    {
      "id": -1,
      "amount": 0,
      "slot": 0
    },
    {
      "id": -1,
      "amount": 0,
      "slot": 0
    },
    {
      "id": -1,
      "amount": 0,
      "slot": 0
    },
    {
      "id": -1,
      "amount": 0,
      "slot": 0
    },
    {
      "id": -1,
      "amount": 0,
      "slot": 0
    },
    {
      "id": -1,
      "amount": 0,
      "slot": 0
    },
    {
      "id": -1,
      "amount": 0,
      "slot": 0
    },
    {
      "id": -1,
      "amount": 0,
      "slot": 0
    },
    {
      "id": -1,
      "amount": 0,
      "slot": 0
    },
    {
      "id": -1,
      "amount": 0,
      "slot": 0
    },
    {
      "id": -1,
      "amount": 0,
      "slot": 0
    },
    {
      "id": -1,
      "amount": 0,
      "slot": 0
    },
    {
      "id": -1,
      "amount": 0,
      "slot": 0
    },
    {
      "id": -1,
      "amount": 0,
      "slot": 0
    },
    {
      "id": -1,
      "amount": 0,
      "slot": 0
    },
    {
      "id": -1,
      "amount": 0,
      "slot": 0
    },
    {
      "id": -1,
      "amount": 0,
      "slot": 0
    },
    {
      "id": -1,
      "amount": 0,
      "slot": 0
    },
    {
      "id": -1,
      "amount": 0,
      "slot": 0
    },
    {
      "id": -1,
      "amount": 0,
      "slot": 0
    },
    {
      "id": -1,
      "amount": 0,
      "slot": 0
    },
    {
      "id": -1,
      "amount": 0,
      "slot": 0
    },
    {
      "id": -1,
      "amount": 0,
      "slot": 0
    },
    {
      "id": -1,
      "amount": 0,
      "slot": 0
    },
    {
      "id": -1,
      "amount": 0,
      "slot": 0
    },
    {
      "id": -1,
      "amount": 0,
      "slot": 0
    },
    {
      "id": -1,
      "amount": 0,
      "slot": 0
    },
    {
      "id": -1,
      "amount": 0,
      "slot": 0
    }
  ],
  "bonecrusheffect": true,
  "p-tps": [
    0,
    0,
    0,
    0
  ],
  "yell-tit": "null",
  "afkstall1": 0,
  "afkstall2": 0,
  "afkstall3": 0,
  "achievements-points": 0,
  "achievements-amount": [
    [
      0,
      0,
      0,
      0,
      0,
      0,
      0,
      0,
      0,
      0,
      0,
      0,
      0,
      0,
      0,
      0,
      13,
      0,
      0,
      0,
      0,
      0,
      0,
      0,
      0,
      0,
      0,
      0,
      0,
      0,
      0,
      0,
      0,
      0,
      0,
      0,
      0,
      0,
      0,
      0,
      0,
      0,
      0,
      0,
      0,
      0,
      0,
      0,
      0,
      0,
      0,
      0,
      0,
      0,
      0,
      0,
      0,
      0,
      0,
      0,
      0,
      0,
      0,
      0,
      0,
      0,
      0,
      0,
      0,
      0,
      0,
      0,
      0,
      0,
      0,
      0,
      0,
      0,
      0,
      0,
      0,
      0,
      0,
      0,
      0,
      0,
      0,
      0,
      0,
      0,
      0,
      0,
      0,
      0,
      0,
      0,
      0,
      0,
      0,
      0
    ],
    [
      0,
      0,
      0,
      0,
      0,
      0,
      0,
      0,
      0,
      0,
      0,
      0,
      0,
      0,
      0,
      0,
      13,
      0,
      0,
      0,
      0,
      0,
      0,
      0,
      0,
      0,
      0,
      0,
      0,
      0,
      0,
      0,
      0,
      0,
      0,
      0,
      0,
      0,
      0,
      0,
      0,
      0,
      0,
      0,
      0,
      0,
      0,
      0,
      0,
      0,
      0,
      0,
      0,
      0,
      0,
      0,
      0,
      0,
      0,
      0,
      0,
      0,
      0,
      0,
      0,
      0,
      0,
      0,
      0,
      0,
      0,
      0,
      0,
      0,
      0,
      0,
      0,
      0,
      0,
      0,
      0,
      0,
      0,
      0,
      0,
      0,
      0,
      0,
      0,
      0,
      0,
      0,
      0,
      0,
      0,
      0,
      0,
      0,
      0,
      0
    ],
    [
      0,
      0,
      0,
      0,
      0,
      0,
      0,
      0,
      0,
      0,
      0,
      0,
      0,
      0,
      0,
      0,
      0,
      13,
      0,
      0,
      0,
      0,
      0,
      0,
      0,
      0,
      0,
      0,
      0,
      0,
      0,
      0,
      0,
      0,
      0,
      0,
      0,
      0,
      0,
      0,
      0,
      0,
      0,
      0,
      0,
      0,
      0,
      0,
      0,
      0,
      0,
      0,
      0,
      0,
      0,
      0,
      0,
      0,
      0,
      0,
      0,
      0,
      0,
      0,
      0,
      0,
      0,
      0,
      0,
      0,
      0,
      0,
      0,
      0,
      0,
      0,
      0,
      0,
      0,
      0,
      0,
      0,
      0,
      0,
      0,
      0,
      0,
      0,
      0,
      0,
      0,
      0,
      0,
      0,
      0,
      0,
      0,
      0,
      0,
      0
    ],
    [
      0,
      0,
      0,
      0,
      0,
      0,
      0,
      0,
      0,
      0,
      0,
      0,
      0,
      0,
      0,
      0,
      0,
      0,
      0,
      0,
      0,
      0,
      0,
      0,
      0,
      0,
      0,
      0,
      0,
      0,
      0,
      0,
      0,
      0,
      0,
      0,
      0,
      0,
      0,
      0,
      0,
      0,
      0,
      0,
      0,
      0,
      0,
      0,
      0,
      0,
      0,
      0,
      0,
      0,
      0,
      0,
      0,
      0,
      0,
      0,
      0,
      0,
      0,
      0,
      0,
      0,
      0,
      0,
      0,
      0,
      0,
      0,
      0,
      0,
      0,
      0,
      0,
      0,
      0,
      0,
      0,
      0,
      0,
      0,
      0,
      0,
      0,
      0,
      0,
      0,
      0,
      0,
      0,
      0,
      0,
      0,
      0,
      0,
      0,
      0
    ]
  ],
  "achievements-completed": [
    [
      false,
      false,
      false,
      false,
      false,
      false,
      false,
      false,
      false,
      false,
      false,
      false,
      false,
      false,
      false,
      false,
      false,
      false,
      false,
      false,
      false,
      false,
      false,
      false,
      false,
      false,
      false,
      false,
      false,
      false,
      false,
      false,
      false,
      false,
      false,
      false,
      false,
      false,
      false,
      false,
      false,
      false,
      false,
      false,
      false,
      false,
      false,
      false,
      false,
      false,
      false,
      false,
      false,
      false,
      false,
      false,
      false,
      false,
      false,
      false,
      false,
      false,
      false,
      false,
      false,
      false,
      false,
      false,
      false,
      false,
      false,
      false,
      false,
      false,
      false,
      false,
      false,
      false,
      false,
      false,
      false,
      false,
      false,
      false,
      false,
      false,
      false,
      false,
      false,
      false,
      false,
      false,
      false,
      false,
      false,
      false,
      false,
      false,
      false,
      false
    ],
    [
      false,
      false,
      false,
      false,
      false,
      false,
      false,
      false,
      false,
      false,
      false,
      false,
      false,
      false,
      false,
      false,
      false,
      false,
      false,
      false,
      false,
      false,
      false,
      false,
      false,
      false,
      false,
      false,
      false,
      false,
      false,
      false,
      false,
      false,
      false,
      false,
      false,
      false,
      false,
      false,
      false,
      false,
      false,
      false,
      false,
      false,
      false,
      false,
      false,
      false,
      false,
      false,
      false,
      false,
      false,
      false,
      false,
      false,
      false,
      false,
      false,
      false,
      false,
      false,
      false,
      false,
      false,
      false,
      false,
      false,
      false,
      false,
      false,
      false,
      false,
      false,
      false,
      false,
      false,
      false,
      false,
      false,
      false,
      false,
      false,
      false,
      false,
      false,
      false,
      false,
      false,
      false,
      false,
      false,
      false,
      false,
      false,
      false,
      false,
      false
    ],
    [
      false,
      false,
      false,
      false,
      false,
      false,
      false,
      false,
      false,
      false,
      false,
      false,
      false,
      false,
      false,
      false,
      false,
      false,
      false,
      false,
      false,
      false,
      false,
      false,
      false,
      false,
      false,
      false,
      false,
      false,
      false,
      false,
      false,
      false,
      false,
      false,
      false,
      false,
      false,
      false,
      false,
      false,
      false,
      false,
      false,
      false,
      false,
      false,
      false,
      false,
      false,
      false,
      false,
      false,
      false,
      false,
      false,
      false,
      false,
      false,
      false,
      false,
      false,
      false,
      false,
      false,
      false,
      false,
      false,
      false,
      false,
      false,
      false,
      false,
      false,
      false,
      false,
      false,
      false,
      false,
      false,
      false,
      false,
      false,
      false,
      false,
      false,
      false,
      false,
      false,
      false,
      false,
      false,
      false,
      false,
      false,
      false,
      false,
      false,
      false
    ],
    [
      false,
      false,
      false,
      false,
      false,
      false,
      false,
      false,
      false,
      false,
      false,
      false,
      false,
      false,
      false,
      false,
      false,
      false,
      false,
      false,
      false,
      false,
      false,
      false,
      false,
      false,
      false,
      false,
      false,
      false,
      false,
      false,
      false,
      false,
      false,
      false,
      false,
      false,
      false,
      false,
      false,
      false,
      false,
      false,
      false,
      false,
      false,
      false,
      false,
      false,
      false,
      false,
      false,
      false,
      false,
      false,
      false,
      false,
      false,
      false,
      false,
      false,
      false,
      false,
      false,
      false,
      false,
      false,
      false,
      false,
      false,
      false,
      false,
      false,
      false,
      false,
      false,
      false,
      false,
      false,
      false,
      false,
      false,
      false,
      false,
      false,
      false,
      false,
      false,
      false,
      false,
      false,
      false,
      false,
      false,
      false,
      false,
      false,
      false,
      false
    ]
  ],
  "achievements-daily": 303,
  "progression-zones": [
    0,
    0,
    0,
    0,
    0
  ],
  "zones-complete": [
    false,
    false,
    false,
    false,
    false
  ],
  "gamble-banned": false,
  "lucifers-unlocked": false,
  "dark-supremes-unlocked": false,
  "currency-pouch": {
    "upgradeTokens": 0,
    "pvmTickets": 0,
    "afkTickets": 0,
    "slayerTickets": 0,
    "voteScrolls": 0,
    "petFragments": 0,
    "instanceTokens": 0,
    "goldCharms": 0,
    "greenCharms": 0,
    "crimsonCharms": 0,
    "blueCharms": 0
  },
  "lastTGloveIndex": -1,
  "group-ironman-locked": false,
  "lastInstanceNpc": -1,
  "daily-task": {},
  "daily-skips": 3,
  "dailies-done": 0,
  "level-notifications": true,
  "dailies-received-times": [
    -1,
    -1,
    -1
  ],
  "favorite-teleports": [],
  "obtained-pets": []
}